L,lambda,Z
7,0.43,2.7689881e+501
7,0.48,8.8827977e+534
7,0.53,6.0477507e+561
7,0.58,2.1135369e+582
7,0.63,5.3936455e+596
7,0.68,1.057867e+605
7,0.73,1.3227874e+607
7,0.78,7.0227447e+602
7,0.83,8.4145463e+591
7,0.88,9.4132575e+573
7,0.93,3.023141e+548
7,0.98,5.9246539e+514
7,1.03,9.3233954e+471
7,1.08,8.1108437e+418
7,1.13,1.0806462e+354
7,1.18,1.6088128e+275
